INSERT INTO TEMPLATES_PACK (ID, DESCRIPTION, NAME, TEMPLATE_IMAGE) VALUES (1, 'alguna descripcion cualquiera','Pack Sorpresa','https://url.image.com');
INSERT INTO TEMPLATES_PACK (ID, DESCRIPTION, NAME, TEMPLATE_IMAGE) VALUES (2, 'alguna descripcion cualquiera','Pack Merienda','https://url.image.com');
INSERT INTO TEMPLATES_PACK (ID, DESCRIPTION, NAME, TEMPLATE_IMAGE) VALUES (3, 'alguna descripcion cualquiera','Pack Almuerzo','https://url.image.com');
INSERT INTO TEMPLATES_PACK (ID, DESCRIPTION, NAME, TEMPLATE_IMAGE) VALUES (4, 'alguna descripcion cualquiera','Pack Masitas','https://url.image.com');
INSERT INTO TEMPLATES_PACK (ID, DESCRIPTION, NAME, TEMPLATE_IMAGE) VALUES (5, 'alguna descripcion cualquiera','Pack Pastas','https://url.image.com');
INSERT INTO TEMPLATES_PACK (ID, DESCRIPTION, NAME, TEMPLATE_IMAGE) VALUES (6, 'alguna descripcion cualquiera','Pack Platillos','https://url.image.com');
INSERT INTO TEMPLATES_PACK (ID, DESCRIPTION, NAME, TEMPLATE_IMAGE) VALUES (7, 'alguna descripcion cualquiera','Pack Quesos','https://url.image.com');
INSERT INTO TEMPLATES_PACK (ID, DESCRIPTION, NAME, TEMPLATE_IMAGE) VALUES (8, 'alguna descripcion cualquiera','Pack Almacen','https://url.image.com');
INSERT INTO TEMPLATES_PACK (ID, DESCRIPTION, NAME, TEMPLATE_IMAGE) VALUES (9, 'alguna descripcion cualquiera','Pack Plus','https://url.image.com');

INSERT INTO SECTORS VALUES (1, 'Description', 'Restaurante');
INSERT INTO SECTORS VALUES (2, 'Description', 'Rotiseria');
INSERT INTO SECTORS VALUES (3, 'Description', 'Panaderia');
INSERT INTO SECTORS VALUES (4, 'Description', 'Verduleria');
INSERT INTO SECTORS VALUES (5, 'Description', 'Confiteria');
INSERT INTO SECTORS VALUES (6, 'Description', 'Almacen');
INSERT INTO SECTORS VALUES (7, 'Description', 'Supermercado');


INSERT INTO ADDRESSES VALUES (1, '2', 'A', '555', 'Av. Carcano', null);
INSERT INTO ADDRESSES VALUES (2, '1', 'B', '1055', 'Av. Espana', null);
INSERT INTO ADDRESSES VALUES (3, '2', 'D', '696', 'Av. Italia', null);
INSERT INTO ADDRESSES VALUES (4, '3', 'F', '458', 'Av. America', null);
INSERT INTO ADDRESSES VALUES (5, '7', 'W', '255', 'Av. Mendoza', null);


INSERT INTO Establishments (ID_ESTABLISHMENT, COVER_IMAGE, CUIT, DESCRIPTION, NAME, PHONE, PROFILE_IMAGE, ID_ADDRESS, ID_SECTOR)
VALUES (1, 'url.image.cover', '20429803609', 'Description', 'Ala Manchada', '154223665', 'url.profile.image', 1, 1);
INSERT INTO Establishments (ID_ESTABLISHMENT, COVER_IMAGE, CUIT, DESCRIPTION, NAME, PHONE, PROFILE_IMAGE, ID_ADDRESS, ID_SECTOR)
VALUES (2, 'url.image.cover', '20429803609', 'Description', 'Sabores Patri', '154223665', 'url.profile.image', 2, 2);
INSERT INTO Establishments (ID_ESTABLISHMENT, COVER_IMAGE, CUIT, DESCRIPTION, NAME, PHONE, PROFILE_IMAGE, ID_ADDRESS, ID_SECTOR)
VALUES (3, 'url.image.cover', '20429803609', 'Description', 'TIU CAFE BAR', '154223665', 'url.profile.image', 3, 3);
INSERT INTO Establishments (ID_ESTABLISHMENT, COVER_IMAGE, CUIT, DESCRIPTION, NAME, PHONE, PROFILE_IMAGE, ID_ADDRESS, ID_SECTOR)
VALUES (4, 'url.image.cover', '20429803609', 'Description', 'YPF Full', '154223665', 'url.profile.image', 4, 4);
INSERT INTO Establishments (ID_ESTABLISHMENT, COVER_IMAGE, CUIT, DESCRIPTION, NAME, PHONE, PROFILE_IMAGE, ID_ADDRESS, ID_SECTOR)
VALUES (5, 'url.image.cover', '20429803609', 'Description', 'Verduleria Arias', '154223665', 'url.profile.image', 5, 5);

INSERT INTO PACKS (ID_PACK, ACTUAL_PRICE, DISCOUNT_RATE, LIMIT_DATE_PUBLICATION, LIMIT_TIME_PUBLICATION, PREVIOUS_PRICE, PUBLICATION_DATE, PUBLICATION_TIME, ESTABLISHMENT_ID_ESTABLISHMENT, STATE_ID, TEMPLATE_ID)
VALUES (1, 550.0, 12.0, '2023-07-12', '12:30', 750.0, '2023-07-11', '22:00', 1, null, 1);
INSERT INTO PACKS (ID_PACK, ACTUAL_PRICE, DISCOUNT_RATE, LIMIT_DATE_PUBLICATION, LIMIT_TIME_PUBLICATION, PREVIOUS_PRICE, PUBLICATION_DATE, PUBLICATION_TIME, ESTABLISHMENT_ID_ESTABLISHMENT, STATE_ID, TEMPLATE_ID)
VALUES (2, 550.0, 12.0, '2023-07-12', '12:30', 750.0, '2023-07-11', '22:00', 2,  null, 1);
INSERT INTO PACKS (ID_PACK, ACTUAL_PRICE, DISCOUNT_RATE, LIMIT_DATE_PUBLICATION, LIMIT_TIME_PUBLICATION, PREVIOUS_PRICE, PUBLICATION_DATE, PUBLICATION_TIME, ESTABLISHMENT_ID_ESTABLISHMENT, STATE_ID, TEMPLATE_ID)
VALUES (3, 550.0, 12.0, '2023-07-12', '12:30', 750.0, '2023-07-11', '22:00', 3, null, 1);
INSERT INTO PACKS (ID_PACK, ACTUAL_PRICE, DISCOUNT_RATE, LIMIT_DATE_PUBLICATION, LIMIT_TIME_PUBLICATION, PREVIOUS_PRICE, PUBLICATION_DATE, PUBLICATION_TIME, ESTABLISHMENT_ID_ESTABLISHMENT, STATE_ID, TEMPLATE_ID)
VALUES (4, 850.0, 25.0, '2023-07-22', '10:30', 550.0, '2023-07-21', '22:00', 4, null, 2);
INSERT INTO PACKS (ID_PACK, ACTUAL_PRICE, DISCOUNT_RATE, LIMIT_DATE_PUBLICATION, LIMIT_TIME_PUBLICATION, PREVIOUS_PRICE, PUBLICATION_DATE, PUBLICATION_TIME, ESTABLISHMENT_ID_ESTABLISHMENT, STATE_ID, TEMPLATE_ID)
VALUES (5, 850.0, 25.0, '2023-07-22', '10:30', 550.0, '2023-07-21', '22:00', 5, null, 2);
INSERT INTO PACKS (ID_PACK, ACTUAL_PRICE, DISCOUNT_RATE, LIMIT_DATE_PUBLICATION, LIMIT_TIME_PUBLICATION, PREVIOUS_PRICE, PUBLICATION_DATE, PUBLICATION_TIME, ESTABLISHMENT_ID_ESTABLISHMENT, STATE_ID, TEMPLATE_ID)
VALUES (6, 850.0, 25.0, '2023-07-22', '10:30', 550.0, '2023-07-21', '22:00', 1, null, 3);
INSERT INTO PACKS (ID_PACK, ACTUAL_PRICE, DISCOUNT_RATE, LIMIT_DATE_PUBLICATION, LIMIT_TIME_PUBLICATION, PREVIOUS_PRICE, PUBLICATION_DATE, PUBLICATION_TIME, ESTABLISHMENT_ID_ESTABLISHMENT, STATE_ID, TEMPLATE_ID)
VALUES (7, 850.0, 25.0, '2023-07-22', '10:30', 550.0, '2023-07-21', '22:00', 2, null, 4);

INSERT INTO PACKS (ID_PACK, ACTUAL_PRICE, DISCOUNT_RATE, LIMIT_DATE_PUBLICATION, LIMIT_TIME_PUBLICATION, PREVIOUS_PRICE, PUBLICATION_DATE, PUBLICATION_TIME, ESTABLISHMENT_ID_ESTABLISHMENT, STATE_ID, TEMPLATE_ID)
VALUES (8, 850.0, 12.0, '2022-07-12', '12:30', 1050.0, '2023-07-11', '20:00', 1, null, 1);
INSERT INTO PACKS (ID_PACK, ACTUAL_PRICE, DISCOUNT_RATE, LIMIT_DATE_PUBLICATION, LIMIT_TIME_PUBLICATION, PREVIOUS_PRICE, PUBLICATION_DATE, PUBLICATION_TIME, ESTABLISHMENT_ID_ESTABLISHMENT, STATE_ID, TEMPLATE_ID)
VALUES (9, 550.0, 12.0, '2023-07-12', '12:30', 750.0, '2023-07-11', '22:00', 1, null, 1);
INSERT INTO PACKS (ID_PACK, ACTUAL_PRICE, DISCOUNT_RATE, LIMIT_DATE_PUBLICATION, LIMIT_TIME_PUBLICATION, PREVIOUS_PRICE, PUBLICATION_DATE, PUBLICATION_TIME, ESTABLISHMENT_ID_ESTABLISHMENT, STATE_ID, TEMPLATE_ID)
VALUES (10, 950.0, 12.0, '2023-07-12', '12:30', 1650.0, '2022-07-11', '23:00', 1, null, 1);

INSERT INTO PACKS (ID_PACK, ACTUAL_PRICE, DISCOUNT_RATE, LIMIT_DATE_PUBLICATION, LIMIT_TIME_PUBLICATION, PREVIOUS_PRICE, PUBLICATION_DATE, PUBLICATION_TIME, ESTABLISHMENT_ID_ESTABLISHMENT, STATE_ID, TEMPLATE_ID)
VALUES (11, 850.0, 25.0, '2023-07-22', '10:30', 550.0, '2023-07-21', '22:00', 2, null, 2);
INSERT INTO PACKS (ID_PACK, ACTUAL_PRICE, DISCOUNT_RATE, LIMIT_DATE_PUBLICATION, LIMIT_TIME_PUBLICATION, PREVIOUS_PRICE, PUBLICATION_DATE, PUBLICATION_TIME, ESTABLISHMENT_ID_ESTABLISHMENT, STATE_ID, TEMPLATE_ID)
VALUES (12, 850.0, 25.0, '2023-07-22', '10:30', 550.0, '2023-07-21', '22:00', 2, null, 2);
INSERT INTO PACKS (ID_PACK, ACTUAL_PRICE, DISCOUNT_RATE, LIMIT_DATE_PUBLICATION, LIMIT_TIME_PUBLICATION, PREVIOUS_PRICE, PUBLICATION_DATE, PUBLICATION_TIME, ESTABLISHMENT_ID_ESTABLISHMENT, STATE_ID, TEMPLATE_ID)
VALUES (13, 850.0, 25.0, '2023-07-22', '10:30', 550.0, '2023-07-21', '22:00', 2, null, 2);

INSERT INTO WORK_DAY VALUES (1, '20:00', '18:00', NULL, 1);
INSERT INTO WORK_DAY VALUES (2, '20:00', '18:00', NULL, 2);
INSERT INTO WORK_DAY VALUES (3, '20:00', '18:00', NULL, 3);
INSERT INTO WORK_DAY VALUES (4, '20:00', '18:00', NULL, 4);
INSERT INTO WORK_DAY VALUES (5, '20:00', '18:00', NULL, 5);

INSERT INTO VALUATIONS VALUES (1, 'Excelente la calidad de la comida', 4, null, 1);
INSERT INTO VALUATIONS VALUES (2, 'Deja que desear', 3, null, 1);
INSERT INTO VALUATIONS VALUES (3, 'Muy bueno', 5, null, 1);
INSERT INTO VALUATIONS VALUES (4, 'Excelente la calidad de la comida', 5, null, 2);
INSERT INTO VALUATIONS VALUES (5, 'Excelente la calidad de la comida', 5, null, 2);
INSERT INTO VALUATIONS VALUES (6, 'Pesimo', 1, null, 3);
INSERT INTO VALUATIONS VALUES (7, 'Pesimo', 2, null, 3);
INSERT INTO VALUATIONS VALUES (8, 'Excelente la calidad de la comida', 4, null, 4);
INSERT INTO VALUATIONS VALUES (9, 'Excelente la calidad de la comida', 5, null, 4);
INSERT INTO VALUATIONS VALUES (10, 'Pesimo', 2, null, 5);
INSERT INTO VALUATIONS VALUES (11, 'Excelente la calidad de la comida', 5, null, 5);